-- phpMyAdmin SQL Dump
-- version 4.8.0.1
-- https://www.phpmyadmin.net/
--
-- Host: 127.0.0.1
-- Generation Time: May 25, 2018 at 06:44 AM
-- Server version: 10.1.32-MariaDB
-- PHP Version: 7.1.17

SET SQL_MODE = "NO_AUTO_VALUE_ON_ZERO";
SET AUTOCOMMIT = 0;
START TRANSACTION;
SET time_zone = "+00:00";


/*!40101 SET @OLD_CHARACTER_SET_CLIENT=@@CHARACTER_SET_CLIENT */;
/*!40101 SET @OLD_CHARACTER_SET_RESULTS=@@CHARACTER_SET_RESULTS */;
/*!40101 SET @OLD_COLLATION_CONNECTION=@@COLLATION_CONNECTION */;
/*!40101 SET NAMES utf8mb4 */;

--
-- Database: `luminosoul`
--

-- --------------------------------------------------------

--
-- Table structure for table `icontact`
--

CREATE TABLE `icontact` (
  `ID` int(11) NOT NULL,
  `fname` mediumtext,
  `lname` mediumtext,
  `email` mediumtext,
  `phone` mediumtext,
  `msg` mediumtext,
  `type` mediumtext,
  `dt` timestamp NOT NULL DEFAULT CURRENT_TIMESTAMP
) ENGINE=InnoDB DEFAULT CHARSET=latin1;

--
-- Dumping data for table `icontact`
--

INSERT INTO `icontact` (`ID`, `fname`, `lname`, `email`, `phone`, `msg`, `type`, `dt`) VALUES
(6, 'varsha', 'kumari', 'varsha@gmail.com', '7017451093', 'this is the query  submitted by me.', 'QUERY', '2018-05-21 14:43:50'),
(7, 'yogendra', 'verma', 'yogendraverma325@gmail.com', '7017734526', 'this is the custom message', 'QUERY', '2018-05-21 14:47:16'),
(8, 'yogendra', 'verma', 'yogendraverma325@gmail.coom', '7017734526', 'this is the message given to admin from the email', 'QUERY', '2018-05-21 14:51:04'),
(9, NULL, NULL, 'varsha@gmail.com', NULL, NULL, 'SUBSCRIPTION', '2018-05-21 15:08:34'),
(10, NULL, NULL, 'subscription@test1.com', NULL, NULL, 'SUBSCRIPTION', '2018-05-21 21:33:41'),
(12, NULL, NULL, 'yogendrav@infocular.com', NULL, NULL, 'SUBSCRIPTION', '2018-05-23 11:45:49');

-- --------------------------------------------------------

--
-- Table structure for table `iquestion`
--

CREATE TABLE `iquestion` (
  `ID` int(11) NOT NULL,
  `question` longtext NOT NULL,
  `type` mediumtext NOT NULL,
  `usr_ip` mediumtext NOT NULL,
  `usr_id` int(11) NOT NULL,
  `dt` timestamp NOT NULL DEFAULT CURRENT_TIMESTAMP,
  `sts` int(11) NOT NULL DEFAULT '0'
) ENGINE=InnoDB DEFAULT CHARSET=latin1;

--
-- Dumping data for table `iquestion`
--

INSERT INTO `iquestion` (`ID`, `question`, `type`, `usr_ip`, `usr_id`, `dt`, `sts`) VALUES
(1, 'What are the qualifications of the teachers?', 'ADMISSION', '127.0.0.1', 1, '2018-05-24 17:55:11', 1),
(2, 'How much experience do they have?', 'ADMISSION', '127.0.0.1', 1, '2018-05-24 17:55:27', 1),
(3, 'Do they get refresher training every year?', 'ADMISSION', '127.0.0.1', 1, '2018-05-24 17:55:45', 1),
(4, 'Does learning happen outside the classroom? ', 'ADMISSION', '127.0.0.1', 1, '2018-05-24 17:55:56', 1),
(5, 'What is the breakup of learning within the classroom and outside?', 'ADMISSION', '127.0.0.1', 1, '2018-05-24 17:56:06', 1),
(6, 'this is new question', 'ADMISSION', '127.0.0.1', 38, '2018-05-24 21:13:03', 0),
(7, 'this is new question', 'ADMISSION', '::1', 38, '2018-05-24 21:16:18', 0),
(8, 'this is another cuatome question', 'ADMISSION', '::1', 38, '2018-05-24 21:18:01', 0);

-- --------------------------------------------------------

--
-- Table structure for table `iuser`
--

CREATE TABLE `iuser` (
  `u_id` bigint(20) NOT NULL,
  `usr_nme` text,
  `usr_pass` text NOT NULL,
  `usr_email` text NOT NULL,
  `usr_ph` varchar(20) NOT NULL,
  `usr_img` text,
  `usr_role` enum('ADMIN','CLIENT','NOT-DEFINED') DEFAULT 'NOT-DEFINED',
  `usr_sts` varchar(5) NOT NULL,
  `usr_ver` varchar(25) NOT NULL,
  `usr_ip` varchar(100) NOT NULL
) ENGINE=InnoDB DEFAULT CHARSET=utf8;

--
-- Dumping data for table `iuser`
--

INSERT INTO `iuser` (`u_id`, `usr_nme`, `usr_pass`, `usr_email`, `usr_ph`, `usr_img`, `usr_role`, `usr_sts`, `usr_ver`, `usr_ip`) VALUES
(1, 'admin', '650d8c9c89896c6372aff467a0335d2fb3c4273618521b2fa7ce2554145c64b609a60ee4919a2c74c81a4c5f0cdd21bf0d6855a1fe1b01047f9a7a554801ea9c', 'admin@luminosoul.com', '7017734528', '3fd9fd137cb62a734a619e9bc38840582017AugTue06595915040079998f14e45fceea167a5a36dedd4bea25431ad23afbab38c0cf22cec1e2c3a7e1daJellyfish.jpg', 'ADMIN', '1', '1', '192.168.1.1'),
(15, 'varha1', 'varsha1@1234', 'varsha1@gmail.com', '123465789', NULL, 'CLIENT', '0', '1', '127.0.0.1'),
(16, 'varha2', 'varsha2@1234', 'varsha2@gmail.com', '123465789', NULL, 'CLIENT', '0', '1', '127.0.0.1'),
(17, 'varha3', 'varsha3@1234', 'varsha3@gmail.com', '123465789', NULL, 'CLIENT', '0', '1', '127.0.0.1'),
(18, 'varha4', 'varsha4@1234', 'varsha4@gmail.com', '123465789', NULL, 'CLIENT', '0', '1', '127.0.0.1'),
(19, 'varha5', 'varsha5@1234', 'varsha5@gmail.com', '123465789', NULL, 'CLIENT', '0', '1', '127.0.0.1'),
(20, 'varha6', 'varsha6@1234', 'varsha6@gmail.com', '123465789', NULL, 'CLIENT', '0', '1', '127.0.0.1'),
(21, 'varha7', 'varsha7@1234', 'varsha7@gmail.com', '123465789', NULL, 'CLIENT', '0', '1', '127.0.0.1'),
(22, 'sameena1', 'sameena1@1234', 'sameena1@gmail.com', '123465789', NULL, 'CLIENT', '0', '1', '127.0.0.1'),
(23, 'sameena2', 'sameena2@1234', 'sameena2@gmail.com', '123465789', NULL, 'CLIENT', '0', '1', '127.0.0.1'),
(24, 'sameena3', 'sameena3@1234', 'sameena3@gmail.com', '123465789', NULL, 'CLIENT', '0', '1', '127.0.0.1'),
(25, 'sameena4', 'sameena4@1234', 'sameena4@gmail.com', '123465789', NULL, 'CLIENT', '0', '1', '127.0.0.1'),
(26, 'sameena5', 'sameena5@1234', 'sameena5@gmail.com', '123465789', NULL, 'CLIENT', '0', '1', '127.0.0.1'),
(27, 'sameena6', 'sameena6@1234', 'sameena6@gmail.com', '123465789', NULL, 'CLIENT', '0', '1', '127.0.0.1'),
(28, 'sameena7', 'sameena7@1234', 'sameena7@gmail.com', '123465789', NULL, 'CLIENT', '0', '1', '127.0.0.1'),
(29, 'sameena8', 'sameena8@1234', 'sameena8@gmail.com', '123465789', NULL, 'CLIENT', '0', '1', '127.0.0.1'),
(30, 'sameena9', 'sameena9@1234', 'sameena9@gmail.com', '123465789', NULL, 'CLIENT', '0', '1', '127.0.0.1'),
(31, 'sameena10', 'sameena10@1234', 'sameena10@gmail.com', '123465789', NULL, 'CLIENT', '0', '1', '127.0.0.1'),
(32, 'sameena11', 'sameena11@1234', 'sameena11@gmail.com', '123465789', NULL, 'CLIENT', '0', '1', '127.0.0.1'),
(38, 'yogendra325', '650d8c9c89896c6372aff467a0335d2fb3c4273618521b2fa7ce2554145c64b609a60ee4919a2c74c81a4c5f0cdd21bf0d6855a1fe1b01047f9a7a554801ea9c', 'yogendraverma325@gmail.com', '7017734526', NULL, 'CLIENT', '1', '1', '106.202.53.224');

-- --------------------------------------------------------

--
-- Table structure for table `mail_sts`
--

CREATE TABLE `mail_sts` (
  `ID` int(11) NOT NULL,
  `mail` mediumtext NOT NULL,
  `sts` int(11) NOT NULL
) ENGINE=MyISAM DEFAULT CHARSET=latin1;

-- --------------------------------------------------------

--
-- Table structure for table `usr_act`
--

CREATE TABLE `usr_act` (
  `ID` int(11) NOT NULL,
  `u_id` int(11) NOT NULL,
  `usr_email` mediumtext NOT NULL,
  `usr_mail_code` mediumtext NOT NULL,
  `usr_ph` mediumtext NOT NULL,
  `usr_ph_code` mediumtext NOT NULL,
  `usr_reg_dt` datetime NOT NULL DEFAULT CURRENT_TIMESTAMP
) ENGINE=InnoDB DEFAULT CHARSET=latin1;

--
-- Dumping data for table `usr_act`
--

INSERT INTO `usr_act` (`ID`, `u_id`, `usr_email`, `usr_mail_code`, `usr_ph`, `usr_ph_code`, `usr_reg_dt`) VALUES
(12, 38, 'yogendraverma325@gmail.com', '7328', '7017734526', '6651', '2018-05-23 12:28:58');

-- --------------------------------------------------------

--
-- Table structure for table `usr_info`
--

CREATE TABLE `usr_info` (
  `ID` int(11) NOT NULL,
  `u_id` int(11) NOT NULL,
  `usr_f_nme` mediumtext,
  `usr_m_nme` mediumtext,
  `usr_l_nme` mediumtext,
  `usr_gender` tinytext
) ENGINE=InnoDB DEFAULT CHARSET=latin1;

--
-- Dumping data for table `usr_info`
--

INSERT INTO `usr_info` (`ID`, `u_id`, `usr_f_nme`, `usr_m_nme`, `usr_l_nme`, `usr_gender`) VALUES
(6, 14, 'null', 'null', 'null', 'null'),
(7, 15, 'varsha1 fname', 'varsha1 m name', 'varsha1 lname', 'Female'),
(8, 16, 'varsha2 fname', 'varsha2 m name', 'varsha2 lname', 'Female'),
(9, 17, 'varsha3 fname', 'varsha3 m name', 'varsha3 lname', 'Female'),
(10, 18, 'varsha4 fname', 'varsha4 m name', 'varsha4 lname', 'Female'),
(11, 19, 'varsha5 fname', 'varsha5 m name', 'varsha5 lname', 'Female'),
(12, 20, 'varsha6 fname', 'varsha6 m name', 'varsha6 lname', 'Female'),
(13, 21, 'varsha7 fname', 'varsha7 m name', 'varsha7 lname', 'Female'),
(14, 22, 'sameena1 f name', 'sameena1 m name', 'sameena1 l name', 'Female'),
(15, 23, 'sameena2 f name', 'sameena2 m name', 'sameena2 l name', 'Female'),
(16, 24, 'sameena3 f name', 'sameena3 m name', 'sameena1 3 name', 'Female'),
(17, 25, 'sameena4 f name', 'sameena4 m name', 'sameena4 l name', 'Female'),
(18, 26, 'sameena5 f name', 'sameena5 m name', 'sameena5 l name', 'Female'),
(19, 27, 'sameena6 f name', 'sameena7 m name', 'sameena7 l name', 'Female'),
(20, 28, 'sameena7 f name', 'sameena7 m name', 'sameena7 l name', 'Female'),
(21, 29, 'sameena8 f name', 'sameena8 m name', 'sameena8 l name', 'Female'),
(22, 30, 'sameena9 f name', 'sameena9 m name', 'sameena9 l name', 'Female'),
(23, 31, 'sameena10 f name', 'sameena10 m name', 'sameena10 l name', 'Female'),
(24, 32, 'sameena11 f name', 'sameena11 m name', 'sameena11 l name', 'Female'),
(30, 38, 'null', 'null', 'null', 'null');

-- --------------------------------------------------------

--
-- Table structure for table `usr_question`
--

CREATE TABLE `usr_question` (
  `ID` int(11) NOT NULL,
  `q_id` int(11) NOT NULL,
  `usr_id` int(11) NOT NULL
) ENGINE=InnoDB DEFAULT CHARSET=latin1;

--
-- Dumping data for table `usr_question`
--

INSERT INTO `usr_question` (`ID`, `q_id`, `usr_id`) VALUES
(20, 4, 38),
(21, 5, 38);

--
-- Indexes for dumped tables
--

--
-- Indexes for table `icontact`
--
ALTER TABLE `icontact`
  ADD PRIMARY KEY (`ID`);

--
-- Indexes for table `iquestion`
--
ALTER TABLE `iquestion`
  ADD PRIMARY KEY (`ID`);

--
-- Indexes for table `iuser`
--
ALTER TABLE `iuser`
  ADD PRIMARY KEY (`u_id`),
  ADD KEY `u_id` (`u_id`);

--
-- Indexes for table `mail_sts`
--
ALTER TABLE `mail_sts`
  ADD PRIMARY KEY (`ID`);

--
-- Indexes for table `usr_act`
--
ALTER TABLE `usr_act`
  ADD PRIMARY KEY (`ID`);

--
-- Indexes for table `usr_info`
--
ALTER TABLE `usr_info`
  ADD PRIMARY KEY (`ID`),
  ADD KEY `u_id` (`u_id`);

--
-- Indexes for table `usr_question`
--
ALTER TABLE `usr_question`
  ADD PRIMARY KEY (`ID`);

--
-- AUTO_INCREMENT for dumped tables
--

--
-- AUTO_INCREMENT for table `icontact`
--
ALTER TABLE `icontact`
  MODIFY `ID` int(11) NOT NULL AUTO_INCREMENT, AUTO_INCREMENT=13;

--
-- AUTO_INCREMENT for table `iquestion`
--
ALTER TABLE `iquestion`
  MODIFY `ID` int(11) NOT NULL AUTO_INCREMENT, AUTO_INCREMENT=9;

--
-- AUTO_INCREMENT for table `iuser`
--
ALTER TABLE `iuser`
  MODIFY `u_id` bigint(20) NOT NULL AUTO_INCREMENT, AUTO_INCREMENT=39;

--
-- AUTO_INCREMENT for table `mail_sts`
--
ALTER TABLE `mail_sts`
  MODIFY `ID` int(11) NOT NULL AUTO_INCREMENT;

--
-- AUTO_INCREMENT for table `usr_act`
--
ALTER TABLE `usr_act`
  MODIFY `ID` int(11) NOT NULL AUTO_INCREMENT, AUTO_INCREMENT=13;

--
-- AUTO_INCREMENT for table `usr_info`
--
ALTER TABLE `usr_info`
  MODIFY `ID` int(11) NOT NULL AUTO_INCREMENT, AUTO_INCREMENT=31;

--
-- AUTO_INCREMENT for table `usr_question`
--
ALTER TABLE `usr_question`
  MODIFY `ID` int(11) NOT NULL AUTO_INCREMENT, AUTO_INCREMENT=22;
COMMIT;

/*!40101 SET CHARACTER_SET_CLIENT=@OLD_CHARACTER_SET_CLIENT */;
/*!40101 SET CHARACTER_SET_RESULTS=@OLD_CHARACTER_SET_RESULTS */;
/*!40101 SET COLLATION_CONNECTION=@OLD_COLLATION_CONNECTION */;
